{"scope":4,"deviation":0.8690958933555384,"dispersion":20.784609690826525}